id,name,url,price,num_bedroom,num_bathroom,cost_psf,address,road_name,building,postal_code,latitude,longitude,floor_area,land_area,walk_destination,walk_distance_m,walk_time_mins,lease_duration,completion,type
24830470,Loyang Rise,https://www.propertyguru.com.sg/listing/for-sale-loyang-rise-24830470,2780000.0,4,3,1726.71,,,,,,,3500,1610.0,,,,99,,Terraced House
24828065,442 Ang Mo Kio Avenue 10,https://www.propertyguru.com.sg/listing/hdb-for-sale-442-ang-mo-kio-avenue-10-24828065,440000.0,2,2,610.26,,,,,,,721,,NS16 Ang Mo Kio MRT,770.0,10.0,99,1978.0,HDB Flat
24724575,Seletar Hills Estate,https://www.propertyguru.com.sg/listing/for-sale-seletar-hills-estate-24724575,5480000.0,5,6,2537.04,JALAN KERUING,JALAN KERUING,,,1.38433049928844,103.873769347336,4600,2160.0,SW5 Fernvale LRT,870.0,12.0,Freehold,,Terraced House
24789889,Exquisite 2.5 Storey Semi-D in Prime Goodman Estate,https://www.propertyguru.com.sg/listing/for-sale-exquisite-2-5-storey-semi-d-in-prime-goodman-estate-24789889,9000000.0,5,5,2892.96,,,,,,,5200,3111.0,CC8 Dakota MRT,620.0,8.0,Freehold,,Semi-Detached House
24789563,Brand New Onyx @ East Coast,https://www.propertyguru.com.sg/listing/for-sale-brand-new-onyx-east-coast-24789563,8500000.0,6,6,2695.85,,,,,,,8000,3153.0,EW6 Kembangan MRT,520.0,7.0,Freehold,,Corner Terrace
24832637,321 Serangoon Avenue 2,https://www.propertyguru.com.sg/listing/hdb-for-sale-321-serangoon-avenue-2-24832637,1250000.0,4,3,800.77,321 SERANGOON AVENUE 2 SINGAPORE 550321,SERANGOON AVENUE 2,,550321,1.35120526890578,103.867769527625,1561,,CC14 Lorong Chuan MRT,330.0,4.0,99,1985.0,HDB Flat
24252032,Fernwood Towers,https://www.propertyguru.com.sg/listing/for-sale-fernwood-towers-24252032,2850000.0,3,3,1730.42,22 FERNWOOD TERRACE FERNWOOD TOWERS SINGAPORE 458553,FERNWOOD TERRACE,FERNWOOD TOWERS,458553,1.30942654360105,103.925248525251,1647,,TE28 Siglap MRT,540.0,7.0,Freehold,1994.0,Condominium
24572569,The Foresta @ Mount Faber,https://www.propertyguru.com.sg/listing/for-sale-the-foresta-mount-faber-24572569,1450000.0,2,2,1684.09,100 WISHART ROAD THE FORESTA @ MOUNT FABER SINGAPORE 098748,WISHART ROAD,THE FORESTA @ MOUNT FABER,098748,1.27035025509729,103.813967319772,861,,CC28 Telok Blangah MRT,390.0,5.0,Freehold,2015.0,Condominium
24755468,Fernwood Towers,https://www.propertyguru.com.sg/listing/for-sale-fernwood-towers-24755468,2850000.0,3,3,1730.42,22 FERNWOOD TERRACE FERNWOOD TOWERS SINGAPORE 458553,FERNWOOD TERRACE,FERNWOOD TOWERS,458553,1.30942654360105,103.925248525251,1647,,TE28 Siglap MRT,540.0,7.0,Freehold,1994.0,Condominium
24551894,Citylights,https://www.propertyguru.com.sg/listing/for-sale-citylights-24551894,2450000.0,3,3,1806.78,80 JELLICOE ROAD CITYLIGHTS SINGAPORE 208766,JELLICOE ROAD,CITYLIGHTS,208766,1.30827581228578,103.863117419778,1356,,EW11 Lavender MRT,140.0,2.0,99,2007.0,Condominium
24841131,Serangoon Garden Estate,https://www.propertyguru.com.sg/listing/for-sale-serangoon-garden-estate-24841131,5500000.0,4,2,1595.13,MEDWAY DRIVE,MEDWAY DRIVE,,,1.36374275159404,103.863347568307,3500,3448.0,CR10 Tavistock MRT,830.0,11.0,,,Corner Terrace
24725314,Miltonia Residences,https://www.propertyguru.com.sg/listing/for-sale-miltonia-residences-24725314,1000000.0,2,2,1161.44,552 MILTONIA CLOSE THE MILTONIA RESIDENCES SINGAPORE 768120,MILTONIA CLOSE,THE MILTONIA RESIDENCES,768120,1.41728798657785,103.848807774061,861,,,,,99,2015.0,Condominium
24840781,Kew Green,https://www.propertyguru.com.sg/listing/for-sale-kew-green-24840781,3800000.0,4,4,,,,,,,,3584,,TE30 Bedok South MRT,140.0,2.0,99,1998.0,Cluster House
24818233,Hilbre28,https://www.propertyguru.com.sg/listing/for-sale-hilbre28-24818233,1350000.0,3,2,1650.37,68 HILLSIDE DRIVE HILBRE28 SINGAPORE 549018,HILLSIDE DRIVE,HILBRE28,549018,1.3608026678991,103.875018955207,818,,,,,999,2018.0,Apartment
24680465,1 Dover Road,https://www.propertyguru.com.sg/listing/hdb-for-sale-1-dover-road-24680465,420000.0,2,1,535.03,,,,,,,785,,CC23 One-North MRT,550.0,7.0,99,1975.0,HDB Flat
24799216,Eastwood Estate,https://www.propertyguru.com.sg/listing/for-sale-eastwood-estate-24799216,3880000.0,6,6,1263.84,,,,,,,4500,3070.0,,,,99,,Semi-Detached House
23389152,Modern Home with Pool! 1km Rosyth School!,https://www.propertyguru.com.sg/listing/for-sale-modern-home-with-pool-1km-rosyth-school-23389152,4999999.0,6,6,2212.39,PHILLIPS AVENUE,PHILLIPS AVENUE,,,1.36360689700727,103.877063207916,4000,2260.0,CR9 Serangoon North MRT,720.0,10.0,999,,Terraced House
24639214,The Tre Ver,https://www.propertyguru.com.sg/listing/for-sale-the-tre-ver-24639214,2350000.0,3,3,2119.03,64 POTONG PASIR AVENUE 1 THE TRE VER SINGAPORE 358393,POTONG PASIR AVENUE 1,THE TRE VER,358393,1.33698822295605,103.864797995032,1109,,NE11 Woodleigh MRT,670.0,9.0,99,2023.0,Condominium
24637681,Mattar Residences,https://www.propertyguru.com.sg/listing/for-sale-mattar-residences-24637681,1529000.0,2,1,2327.25,7 MATTAR ROAD MATTAR RESIDENCES SINGAPORE 387716,MATTAR ROAD,MATTAR RESIDENCES,387716,1.32562173517452,103.881807225017,657,,DT25 Mattar MRT,220.0,3.0,Freehold,,Apartment
24229458,Horizon Towers,https://www.propertyguru.com.sg/listing/for-sale-horizon-towers-24229458,3600000.0,4,3,1513.24,15 LEONIE HILL ROAD HORIZON TOWERS SINGAPORE 239194,LEONIE HILL ROAD,HORIZON TOWERS,239194,1.29829067681172,103.833377647901,2379,,TE15 Great World MRT,340.0,5.0,99,1984.0,Condominium
24469529,61 Tampines Street 86,https://www.propertyguru.com.sg/listing/for-sale-61-tampines-street-86-24469529,788000.0,1,1,1786.85,,,,,,,441,,,,,99,2021.0,Condominium
24737626,Sea Esta,https://www.propertyguru.com.sg/listing/for-sale-sea-esta-24737626,1650000.0,3,2,1356.91,28 PASIR RIS LINK SEA ESTA SINGAPORE 518146,PASIR RIS LINK,SEA ESTA,518146,1.37778944030575,103.959618469918,1216,,,,,99,2016.0,Condominium
24417265,673A Fern Grove @ Yishun,https://www.propertyguru.com.sg/listing/hdb-for-sale-673a-fern-grove-yishun-24417265,548000.0,3,2,547.45,673A YISHUN AVENUE 4 FERN GROVE @ YISHUN SINGAPORE 761673,YISHUN AVENUE 4,FERN GROVE @ YISHUN,761673,1.41999916145463,103.841999102785,1001,,,,,99,2020.0,HDB Flat
24824426,457 Jurong West Street 41,https://www.propertyguru.com.sg/listing/hdb-for-sale-457-jurong-west-street-41-24824426,500000.0,3,2,455.79,457 JURONG WEST STREET 41 SINGAPORE 640457,JURONG WEST STREET 41,,640457,1.35069822477174,103.720905064522,1097,,EW26 Lakeside MRT,700.0,9.0,99,1983.0,HDB Flat
23029234,Eon Shenton,https://www.propertyguru.com.sg/listing/for-sale-eon-shenton-23029234,1900000.0,2,1,1746.32,70 SHENTON WAY EON SHENTON SINGAPORE 079118,SHENTON WAY,EON SHENTON,079118,1.27388660363944,103.846235542245,1088,,CC32 Prince Edward Road MRT,100.0,1.0,99,2019.0,Condominium
24586038,Infinium,https://www.propertyguru.com.sg/listing/for-sale-infinium-24586038,4388000.0,6,6,,,,,,,,4962,,NE13 Kovan MRT,490.0,7.0,Freehold,2018.0,Cluster House
24200779,Kensington Park,https://www.propertyguru.com.sg/listing/for-sale-kensington-park-24200779,2500000.0,3,2,1683.5,,,,,,,1485,,CR10 Tavistock MRT,590.0,8.0,999,1990.0,Condominium
24724634,292B Bukit Batok East Avenue 6,https://www.propertyguru.com.sg/listing/hdb-for-sale-292b-bukit-batok-east-avenue-6-24724634,900000.0,3,2,740.13,292B BUKIT BATOK EAST AVENUE 6 SKYPEAK @ BUKIT BATOK SINGAPORE 652292,BUKIT BATOK EAST AVENUE 6,SKYPEAK @ BUKIT BATOK,652292,1.34477953186313,103.753961675829,1216,,,,,99,2017.0,HDB Flat
24601863,Urban Edge @ Holland V,https://www.propertyguru.com.sg/listing/for-sale-urban-edge-holland-v-24601863,1699999.0,2,1,1974.45,2 FORD AVENUE URBAN EDGE @ HOLLAND V SINGAPORE 268686,FORD AVENUE,URBAN EDGE @ HOLLAND V,268686,1.31302913243704,103.794375471653,861,,CC21 Holland Village MRT,270.0,4.0,Freehold,2007.0,Condominium
23320588,Eon Shenton,https://www.propertyguru.com.sg/listing/for-sale-eon-shenton-23320588,2000000.0,2,1,1913.88,70 SHENTON WAY EON SHENTON SINGAPORE 079118,SHENTON WAY,EON SHENTON,079118,1.27388660363944,103.846235542245,1045,,CC32 Prince Edward Road MRT,100.0,1.0,99,2019.0,Condominium
24409212,Grange Heights,https://www.propertyguru.com.sg/listing/for-sale-grange-heights-24409212,6350000.0,5,5,2034.6,15 SAINT THOMAS WALK GRANGE HEIGHTS SINGAPORE 238143,SAINT THOMAS WALK,GRANGE HEIGHTS,238143,1.29787108350456,103.835056333202,3121,,TE15 Great World MRT,390.0,5.0,Freehold,1976.0,Apartment
24814107,Parc Life,https://www.propertyguru.com.sg/listing/for-sale-parc-life-24814107,1508888.0,3,2,1360.58,,,,,,,1109,,NS11 Sembawang MRT,740.0,10.0,99,2018.0,Executive Condominium
24777582,Alana,https://www.propertyguru.com.sg/listing/for-sale-alana-24777582,3252704.0,4,4,,194 SUNRISE TERRACE ALANA SINGAPORE 804574,SUNRISE TERRACE,ALANA,804574,1.38861494521811,103.855030381204,3122,,,,,103,2019.0,Terraced House
24782848,NEWest,https://www.propertyguru.com.sg/listing/for-sale-newest-24782848,875000.0,,,1660.34,3 WEST COAST DRIVE NEWEST SINGAPORE 128021,WEST COAST DRIVE,NEWEST,128021,1.31641321892511,103.757451263571,527,,EW23 Clementi MRT,970.0,13.0,999,2017.0,Apartment
24778041,Alana,https://www.propertyguru.com.sg/listing/for-sale-alana-24778041,3642858.0,4,,1041.41,102 SUNRISE TERRACE ALANA SINGAPORE 804528,SUNRISE TERRACE,ALANA,804528,1.38909918073633,103.855609197182,3498,3498.0,,,,,,Cluster House
22984456,Mirage Tower,https://www.propertyguru.com.sg/listing/for-sale-mirage-tower-22984456,4300000.0,4,3,2465.6,,,,,,,1744,,TE15 Great World MRT,330.0,4.0,Freehold,1997.0,Condominium
24811922,179 Yung Sheng Road,https://www.propertyguru.com.sg/listing/hdb-for-sale-179-yung-sheng-road-24811922,595000.0,3,2,476.38,179 YUNG SHENG ROAD CORPORATION SPRING SINGAPORE 610179,YUNG SHENG ROAD,CORPORATION SPRING,610179,1.33368866801987,103.720747470236,1249,,,,,99,1999.0,HDB Flat
24587948,Edelweiss Park Condo,https://www.propertyguru.com.sg/listing/for-sale-edelweiss-park-condo-24587948,1000000.0,2,2,1055.97,80 FLORA ROAD EDELWEISS PARK CONDOMINIUM SINGAPORE 506999,FLORA ROAD,EDELWEISS PARK CONDOMINIUM,506999,1.35711313999418,103.967158370207,947,,,,,Freehold,2006.0,Condominium
24028556,Suffolk Premier,https://www.propertyguru.com.sg/listing/for-sale-suffolk-premier-24028556,1700000.0,2,3,1698.3,3 SUFFOLK ROAD SUFFOLK PREMIER SINGAPORE 307781,SUFFOLK ROAD,SUFFOLK PREMIER,307781,1.31424399792716,103.844686730014,1001,,NS20 Novena MRT,670.0,9.0,Freehold,2009.0,Apartment
24582909,KOVAN DETACHED HOUSE,https://www.propertyguru.com.sg/listing/for-sale-kovan-detached-house-24582909,9980000.0,10,10,1718.62,KOVAN ROAD,KOVAN ROAD,,,1.3584957813131,103.881233534928,10000,5807.0,NE13 Kovan MRT,470.0,6.0,Freehold,2015.0,Detached House
24686252,Coco Palms,https://www.propertyguru.com.sg/listing/for-sale-coco-palms-24686252,1880000.0,3,3,1631.94,PASIR RIS GROVE,PASIR RIS GROVE,,,1.37105349951674,103.945291338516,1152,,CP1 Pasir Ris MRT,380.0,5.0,99,2019.0,Condominium
24554797,221B Sumang Lane,https://www.propertyguru.com.sg/listing/hdb-for-sale-221b-sumang-lane-24554797,380000.0,1,1,736.43,221B SUMANG LANE MATILDA EDGE SINGAPORE 822221,SUMANG LANE,MATILDA EDGE,822221,1.40102194426632,103.895064879651,516,,PW7 Soo Teck LRT,460.0,6.0,99,2017.0,HDB Flat
24751723,40 Circuit Road,https://www.propertyguru.com.sg/listing/hdb-for-sale-40-circuit-road-24751723,330000.0,2,1,557.43,40 CIRCUIT ROAD SINGAPORE 370040,CIRCUIT ROAD,,370040,1.32767695905654,103.886264654446,592,,DT25 Mattar MRT,350.0,5.0,99,1965.0,HDB Flat
24844192,The Watergardens at Canberra,https://www.propertyguru.com.sg/listing/for-sale-the-watergardens-at-canberra-24844192,1300000.0,2,1,1917.4,29 CANBERRA DRIVE THE WATERGARDENS AT CANBERRA SINGAPORE 769990,CANBERRA DRIVE,THE WATERGARDENS AT CANBERRA,769990,1.44024506503424,103.827848470439,678,,NS12 Canberra MRT,400.0,5.0,99,,Condominium
24843045,The Criterion,https://www.propertyguru.com.sg/listing/for-sale-the-criterion-24843045,1500000.0,4,3,1340.48,7 YISHUN STREET 51 THE CRITERION SINGAPORE 767969,YISHUN STREET 51,THE CRITERION,767969,1.4187663011471,103.845892926421,1119,,,,,99,2018.0,Executive Condominium
24778252,915 Jurong West Street 91,https://www.propertyguru.com.sg/listing/hdb-for-sale-915-jurong-west-street-91-24778252,388000.0,2,2,494.27,915 JURONG WEST STREET 91 NANYANG EMERALD SINGAPORE 640915,JURONG WEST STREET 91,NANYANG EMERALD,640915,1.34108918953192,103.687870332112,785,,,,,99,1986.0,HDB Flat
24792071,183C Marsiling Greenview,https://www.propertyguru.com.sg/listing/hdb-for-sale-183c-marsiling-greenview-24792071,608888.0,3,2,608.28,183C WOODLANDS STREET 13 MARSILING GREENVIEW SINGAPORE 733183,WOODLANDS STREET 13,MARSILING GREENVIEW,733183,1.43465687984813,103.776726754884,1001,,NS8 Marsiling MRT,500.0,7.0,99,2018.0,HDB Flat
24844688,The Hillier,https://www.propertyguru.com.sg/listing/for-sale-the-hillier-24844688,1450000.0,2,2,1726.19,6 HILLVIEW RISE HILLHAVEN SINGAPORE 667980,HILLVIEW RISE,HILLHAVEN,667980,1.36303389442686,103.764128549082,840,,DT3 Hillview MRT,340.0,5.0,99,2016.0,Condominium
24733612,One-North Residences,https://www.propertyguru.com.sg/listing/for-sale-one-north-residences-24733612,1138888.0,1,1,1854.87,9 ONE-NORTH GATEWAY ONE-NORTH RESIDENCES SINGAPORE 138643,ONE-NORTH GATEWAY,ONE-NORTH RESIDENCES,138643,1.30173334500406,103.790000928613,614,,CC23 One-North MRT,390.0,5.0,99,2009.0,Apartment
24820767,Seahill,https://www.propertyguru.com.sg/listing/for-sale-seahill-24820767,1450000.0,2,2,1684.09,119 WEST COAST CRESCENT SEAHILL SINGAPORE 126777,WEST COAST CRESCENT,SEAHILL,126777,1.29865668948901,103.764113587566,861,,,,,99,2017.0,Condominium
24844665,WaterScape @ Cavenagh,https://www.propertyguru.com.sg/listing/for-sale-waterscape-cavenagh-24844665,2150000.0,2,2,2016.89,65A CAVENAGH ROAD WATERSCAPE AT CAVENAGH SINGAPORE 229620,CAVENAGH ROAD,WATERSCAPE AT CAVENAGH,229620,1.30417808993957,103.840685919031,1066,,,,,Freehold,2014.0,Apartment
24811803,264D Compassvale Bow,https://www.propertyguru.com.sg/listing/hdb-for-sale-264d-compassvale-bow-24811803,688000.0,3,2,694.95,264D COMPASSVALE BOW THE CORIS SINGAPORE 544264,COMPASSVALE BOW,THE CORIS,544264,1.38154507506991,103.895943415352,990,,NE15 Buangkok MRT,330.0,4.0,99,2006.0,HDB Flat
24834183,606C Tampines Street 61,https://www.propertyguru.com.sg/listing/hdb-for-sale-606c-tampines-street-61-24834183,548000.0,2,2,749.66,606C TAMPINES STREET 61 TAMPINES GREENRIDGES SINGAPORE 523606,TAMPINES STREET 61,TAMPINES GREENRIDGES,523606,1.36189172236248,103.937506920261,731,,CR6 Tampines North MRT,610.0,8.0,99,2019.0,HDB Flat
24362084,Dairy Farm Residences,https://www.propertyguru.com.sg/listing/for-sale-dairy-farm-residences-24362084,1850000.0,3,2,2021.86,12 DAIRY FARM LANE DAIRY FARM RESIDENCES SINGAPORE 677615,DAIRY FARM LANE,DAIRY FARM RESIDENCES,677615,1.36658215330921,103.774687584147,915,,,,,99,,Condominium
24571383,The Garden Residences,https://www.propertyguru.com.sg/listing/for-sale-the-garden-residences-24571383,840000.0,1,1,1858.41,1 SERANGOON NORTH VIEW THE GARDEN RESIDENCES SINGAPORE 554343,SERANGOON NORTH VIEW,THE GARDEN RESIDENCES,554343,1.36620695987025,103.870405307735,452,,CR9 Serangoon North MRT,680.0,9.0,99,2021.0,Condominium
24588238,Kingsford Waterbay,https://www.propertyguru.com.sg/listing/for-sale-kingsford-waterbay-24588238,1880000.0,4,2,1493.25,76 UPPER SERANGOON VIEW KINGSFORD WATERBAY SINGAPORE 533880,UPPER SERANGOON VIEW,KINGSFORD WATERBAY,533880,1.37503831445863,103.903910131682,1259,,SE4 Kangkar LRT,930.0,12.0,99,2018.0,Condominium
24347523,Laurel Tree,https://www.propertyguru.com.sg/listing/for-sale-laurel-tree-24347523,750000.0,1,1,1619.87,42 HILLVIEW TERRACE LAUREL TREE SINGAPORE 669267,HILLVIEW TERRACE,LAUREL TREE,669267,1.35297897768631,103.758272812318,463,,NS3 Bukit Gombak MRT,970.0,13.0,Freehold,2021.0,Condominium
24583041,Dairy Farm Residences,https://www.propertyguru.com.sg/listing/for-sale-dairy-farm-residences-24583041,2260000.0,3,3,2000.0,10 DAIRY FARM LANE DAIRY FARM RESIDENCES SINGAPORE 677625,DAIRY FARM LANE,DAIRY FARM RESIDENCES,677625,1.36658215330921,103.774687584147,1130,,,,,99,,Condominium
23440789,Residences @ Killiney,https://www.propertyguru.com.sg/listing/for-sale-residences-killiney-23440789,13999000.0,4,5,2070.86,147 KILLINEY ROAD RESIDENCES @ KILLINEY SINGAPORE 239566,KILLINEY ROAD,RESIDENCES @ KILLINEY,239566,1.29671864134885,103.838173259745,6760,,NS23 Somerset MRT,400.0,5.0,Freehold,2013.0,Condominium
24705713,677A Jurong West Street 64,https://www.propertyguru.com.sg/listing/hdb-for-sale-677a-jurong-west-street-64-24705713,620000.0,3,2,523.65,677A JURONG WEST STREET 64 EDELWEISS@JURONG SINGAPORE 641677,JURONG WEST STREET 64,EDELWEISS@JURONG,641677,1.34563047616405,103.705038025438,1184,,JS7 Bahar Junction MRT,310.0,4.0,99,2008.0,HDB Flat
23930362,Guilin View,https://www.propertyguru.com.sg/listing/for-sale-guilin-view-23930362,2500000.0,4,4,826.45,28 BUKIT BATOK STREET 52 GUILIN VIEW SINGAPORE 659248,BUKIT BATOK STREET 52,GUILIN VIEW,659248,1.35487631197544,103.75313804304,3025,,NS3 Bukit Gombak MRT,340.0,5.0,99,2000.0,Condominium
24747277,Pinetree Hill,https://www.propertyguru.com.sg/listing/for-sale-pinetree-hill-24747277,3205000.0,4,3,2480.65,30 PINE GROVE PINETREE HILL SINGAPORE 598441,PINE GROVE,PINETREE HILL,598441,1.3192902788082,103.77629774838,1292,,EW22 Dover MRT,970.0,13.0,99,,Condominium
24681583,The Nautical,https://www.propertyguru.com.sg/listing/for-sale-the-nautical-24681583,1430000.0,3,2,1135.82,93 JALAN SENDUDOK THE NAUTICAL SINGAPORE 769472,JALAN SENDUDOK,THE NAUTICAL,769472,1.44366514070453,103.824718664949,1259,,NS12 Canberra MRT,440.0,6.0,99,2016.0,Condominium
24705209,The Jovell,https://www.propertyguru.com.sg/listing/for-sale-the-jovell-24705209,1100000.0,2,1,1702.79,19 FLORA DRIVE THE JOVELL SINGAPORE 506760,FLORA DRIVE,THE JOVELL,506760,1.35788081283208,103.966544751146,646,,,,,99,2022.0,Condominium
24818348,551 Ang Mo Kio Avenue 10,https://www.propertyguru.com.sg/listing/hdb-for-sale-551-ang-mo-kio-avenue-10-24818348,650000.0,3,2,511.81,551 ANG MO KIO AVENUE 10 SINGAPORE 560551,ANG MO KIO AVENUE 10,,560551,1.37392862005901,103.858665713793,1270,,CR10 Tavistock MRT,740.0,10.0,99,1980.0,HDB Flat
22308748,588A Ang Mo Kio Street 52,https://www.propertyguru.com.sg/listing/hdb-for-sale-588a-ang-mo-kio-street-52-22308748,980000.0,3,2,1012.4,588A ANG MO KIO STREET 52 PARK CENTRAL @ AMK SINGAPORE 561588,ANG MO KIO STREET 52,PARK CENTRAL @ AMK,561588,1.37207688864036,103.852786139342,968,,NS16 Ang Mo Kio MRT,420.0,6.0,99,2011.0,HDB Flat
24457794,The Visionaire,https://www.propertyguru.com.sg/listing/for-sale-the-visionaire-24457794,1500000.0,4,3,1314.64,CANBERRA DRIVE,CANBERRA DRIVE,,,1.44164758821182,103.828219032207,1141,,NS12 Canberra MRT,540.0,7.0,99,2018.0,Executive Condominium
24261905,The Tre Ver,https://www.propertyguru.com.sg/listing/for-sale-the-tre-ver-24261905,1420000.0,2,2,2028.57,60 POTONG PASIR AVENUE 1 THE TRE VER SINGAPORE 358391,POTONG PASIR AVENUE 1,THE TRE VER,358391,1.3365299408777,103.865336019055,700,,NE11 Woodleigh MRT,670.0,9.0,99,2023.0,Condominium
24396082,The Florence Residences,https://www.propertyguru.com.sg/listing/for-sale-the-florence-residences-24396082,1200000.0,2,1,1889.76,99 HOUGANG AVENUE 2 THE FLORENCE RESIDENCES SINGAPORE 533752,HOUGANG AVENUE 2,THE FLORENCE RESIDENCES,533752,1.36681827467187,103.886580622644,635,,NE14 Hougang MRT,770.0,10.0,99,,Condominium
24187624,Whistler Grand,https://www.propertyguru.com.sg/listing/for-sale-whistler-grand-24187624,1280000.0,2,1,2084.69,107 WEST COAST VALE WHISTLER GRAND SINGAPORE 126751,WEST COAST VALE,WHISTLER GRAND,126751,1.32003128655758,103.754010254158,614,,,,,99,2022.0,Condominium
24393176,688B Choa Chu Kang Drive,https://www.propertyguru.com.sg/listing/hdb-for-sale-688b-choa-chu-kang-drive-24393176,499800.0,3,2,422.13,688B CHOA CHU KANG DRIVE SINGAPORE 682688,CHOA CHU KANG DRIVE,,682688,1.40343593772923,103.75033691367,1184,,NS5 Yew Tee MRT,750.0,10.0,99,2000.0,HDB Flat
24447086,Tembusu Grand,https://www.propertyguru.com.sg/listing/for-sale-tembusu-grand-24447086,2324000.0,3,2,2347.47,,,,,,,990,,TE25 Tanjong Katong MRT,710.0,9.0,99,,Condominium
24664181,Normanton Park,https://www.propertyguru.com.sg/listing/for-sale-normanton-park-24664181,1688888.0,2,2,2307.22,53 NORMANTON PARK NORMANTON PARK SINGAPORE 117282,NORMANTON PARK,NORMANTON PARK,117282,1.2860062587817,103.791721078676,732,,,,,99,,Condominium
24507332,The Continuum,https://www.propertyguru.com.sg/listing/for-sale-the-continuum-24507332,3240000.0,4,3,2640.59,,,,,,,1227,,CC8 Dakota MRT,720.0,10.0,Freehold,,Apartment
23983026,The Landmark,https://www.propertyguru.com.sg/listing/for-sale-the-landmark-23983026,2860530.0,3,2,2658.49,173 CHIN SWEE ROAD THE LANDMARK SINGAPORE 169878,CHIN SWEE ROAD,THE LANDMARK,169878,1.28616304514336,103.839553885885,1076,,NE4 Chinatown MRT,500.0,7.0,99,,Condominium
24797590,215 Boon Lay Place,https://www.propertyguru.com.sg/listing/hdb-for-sale-215-boon-lay-place-24797590,328888.0,2,2,463.22,215 BOON LAY PLACE BOON LAY PLACE SINGAPORE 640215,BOON LAY PLACE,BOON LAY PLACE,640215,1.34868437470614,103.712359844107,710,,JS6 Jurong West MRT,430.0,6.0,99,1974.0,HDB Flat
23440706,KI Residences At Brookvale,https://www.propertyguru.com.sg/listing/for-sale-ki-residences-at-brookvale-23440706,2432000.0,3,3,2035.15,2 BROOKVALE DRIVE KI RESIDENCES AT BROOKVALE SINGAPORE 599973,BROOKVALE DRIVE,KI RESIDENCES AT BROOKVALE,599973,1.33102936528877,103.767519926051,1195,,,,,999,,Condominium
24447094,Tembusu Grand,https://www.propertyguru.com.sg/listing/for-sale-tembusu-grand-24447094,3299000.0,4,4,2812.45,,,,,,,1173,,TE25 Tanjong Katong MRT,710.0,9.0,99,,Condominium
24637552,Lake Grande,https://www.propertyguru.com.sg/listing/for-sale-lake-grande-24637552,1450000.0,2,2,1772.62,10 JURONG LAKE LINK LAKE GRANDE SINGAPORE 648131,JURONG LAKE LINK,LAKE GRANDE,648131,1.34594578766091,103.724619105198,818,,EW26 Lakeside MRT,480.0,6.0,99,2020.0,Condominium
23385182,The Landmark,https://www.propertyguru.com.sg/listing/for-sale-the-landmark-23385182,1904888.0,2,2,2809.57,173 CHIN SWEE ROAD THE LANDMARK SINGAPORE 169878,CHIN SWEE ROAD,THE LANDMARK,169878,1.28616304514336,103.839553885885,678,,NE4 Chinatown MRT,500.0,7.0,99,,Condominium
24770426,Hillcrest Villa,https://www.propertyguru.com.sg/listing/for-sale-hillcrest-villa-24770426,4500000.0,5,5,,19 HILLCREST ROAD HILLCREST VILLA SINGAPORE 286781,HILLCREST ROAD,HILLCREST VILLA,286781,1.32901326534678,103.806164091544,3100,,DT8 Tan Kah Kee MRT,700.0,9.0,99,2010.0,Cluster House
24440642,Hazel Park Condo,https://www.propertyguru.com.sg/listing/for-sale-hazel-park-condo-24440642,2600000.0,3,3,1931.65,21 HAZEL PARK TERRACE HAZEL PARK CONDOMINIUM SINGAPORE 678946,HAZEL PARK TERRACE,HAZEL PARK CONDOMINIUM,678946,1.37370604093004,103.765091329255,1346,,DT2 Cashew MRT,260.0,3.0,999,2001.0,Condominium
24794050,The Florence Residences,https://www.propertyguru.com.sg/listing/for-sale-the-florence-residences-24794050,900000.0,1,1,1859.5,83 HOUGANG AVENUE 2 THE FLORENCE RESIDENCES SINGAPORE 538860,HOUGANG AVENUE 2,THE FLORENCE RESIDENCES,538860,1.36681827467187,103.886580622644,484,,NE14 Hougang MRT,770.0,10.0,99,,Condominium
24794186,Twin VEW,https://www.propertyguru.com.sg/listing/for-sale-twin-vew-24794186,1500000.0,2,2,1833.74,91 WEST COAST VALE TWIN VEW SINGAPORE 126755,WEST COAST VALE,TWIN VEW,126755,1.32004938238057,103.75216125907,818,,JE7 Pandan Reservoir MRT,860.0,11.0,99,2021.0,Condominium
24844606,259B Punggol Field,https://www.propertyguru.com.sg/listing/hdb-for-sale-259b-punggol-field-24844606,699000.0,3,2,698.3,259B PUNGGOL FIELD PUNGGOL TOPAZ SINGAPORE 822259,PUNGGOL FIELD,PUNGGOL TOPAZ,822259,1.40387830838582,103.895238808655,1001,,PW7 Soo Teck LRT,280.0,4.0,99,2014.0,HDB Flat
24810869,The Florence Residences,https://www.propertyguru.com.sg/listing/for-sale-the-florence-residences-24810869,1100000.0,2,1,1732.28,99 HOUGANG AVENUE 2 THE FLORENCE RESIDENCES SINGAPORE 533752,HOUGANG AVENUE 2,THE FLORENCE RESIDENCES,533752,1.36681827467187,103.886580622644,635,,NE14 Hougang MRT,770.0,10.0,99,,Condominium
24838811,244 Jurong East Street 24,https://www.propertyguru.com.sg/listing/hdb-for-sale-244-jurong-east-street-24-24838811,398000.0,2,2,552.01,,,,,,,721,,JE4 Toh Guan MRT,280.0,4.0,99,1982.0,HDB Flat
24824681,Clavon,https://www.propertyguru.com.sg/listing/for-sale-clavon-24824681,2600000.0,4,2,2029.66,4 CLEMENTI AVENUE 1 CLAVON SINGAPORE 129962,CLEMENTI AVENUE 1,CLAVON,129962,1.30891243803731,103.76705513582,1281,,EW23 Clementi MRT,640.0,9.0,99,,Condominium
24654930,Kent Ridge Hill Residences,https://www.propertyguru.com.sg/listing/for-sale-kent-ridge-hill-residences-24654930,1030000.0,1,1,2173.0,68 SOUTH BUONA VISTA ROAD KENT RIDGE HILL RESIDENCES SINGAPORE 117328,SOUTH BUONA VISTA ROAD,KENT RIDGE HILL RESIDENCES,117328,1.28142410716678,103.788859923073,474,,CC26 Pasir Panjang MRT,590.0,8.0,99,,Condominium
21255417,Qube Suites,https://www.propertyguru.com.sg/listing/for-sale-qube-suites-21255417,1100000.0,2,1,1363.07,24 JALAN PUNAI QUBE SUITES SINGAPORE 418804,JALAN PUNAI,QUBE SUITES,418804,1.32987209553022,103.908123975446,807,,DT28 Kaki Bukit MRT,580.0,8.0,Freehold,2017.0,Condominium
24797024,5 Telok Blangah Crescent,https://www.propertyguru.com.sg/listing/hdb-for-sale-5-telok-blangah-crescent-24797024,1050000.0,4,2,692.16,5 TELOK BLANGAH CRESCENT MOUNT FABER GREEN SINGAPORE 090005,TELOK BLANGAH CRESCENT,MOUNT FABER GREEN,090005,1.27872402905423,103.819220384802,1517,,,,,99,1983.0,HDB Flat
24816815,122E Rivervale Drive,https://www.propertyguru.com.sg/listing/hdb-for-sale-122e-rivervale-drive-24816815,580000.0,3,2,489.86,122E RIVERVALE DRIVE RIVERVALE BANK SINGAPORE 545122,RIVERVALE DRIVE,RIVERVALE BANK,545122,1.38795724986826,103.905852165491,1184,,SE3 Bakau LRT,50.0,1.0,99,1999.0,HDB Flat
24325781,NottingHill Suites,https://www.propertyguru.com.sg/listing/for-sale-nottinghill-suites-24325781,960000.0,1,1,1821.63,29A TOH TUCK ROAD NOTTINGHILL SUITES SINGAPORE 596195,TOH TUCK ROAD,NOTTINGHILL SUITES,596195,1.33885390897837,103.769182996429,527,,DT5 Beauty World MRT,790.0,11.0,Freehold,2016.0,Apartment
24787647,Sky Vue,https://www.propertyguru.com.sg/listing/for-sale-sky-vue-24787647,1780000.0,2,2,2205.7,3 BISHAN STREET 15 SKY VUE SINGAPORE 573911,BISHAN STREET 15,SKY VUE,573911,1.35276069925482,103.850963107518,807,,NS17 Bishan MRT,250.0,3.0,99,2017.0,Condominium
24743279,514 Pasir Ris Street 52,https://www.propertyguru.com.sg/listing/hdb-for-sale-514-pasir-ris-street-52-24743279,625000.0,3,2,547.77,514 PASIR RIS STREET 52 ELIAS PARKS ESTATE SINGAPORE 510514,PASIR RIS STREET 52,ELIAS PARKS ESTATE,510514,1.37460129469019,103.943139291069,1141,,CP1 Pasir Ris MRT,690.0,9.0,99,1993.0,HDB Flat
23347044,Highline Residences,https://www.propertyguru.com.sg/listing/for-sale-highline-residences-23347044,2838000.0,3,2,2465.68,1 KIM TIAN ROAD HIGHLINE RESIDENCES SINGAPORE 169280,KIM TIAN ROAD,HIGHLINE RESIDENCES,169280,1.28401388660814,103.829756642021,1151,,EW17 Tiong Bahru MRT,410.0,5.0,99,2018.0,Condominium
24550608,Emerald Park,https://www.propertyguru.com.sg/listing/for-sale-emerald-park-24550608,2100000.0,3,2,1446.28,2 INDUS ROAD EMERALD PARK TOWER 2 SINGAPORE 169586,INDUS ROAD,EMERALD PARK TOWER 2,169586,1.28948198551176,103.830085402755,1452,,EW17 Tiong Bahru MRT,410.0,5.0,99,1993.0,Condominium
24283007,8 Saint Thomas,https://www.propertyguru.com.sg/listing/for-sale-8-saint-thomas-24283007,1930000.0,2,1,3515.48,8 SAINT THOMAS WALK 8 SAINT THOMAS SINGAPORE 238146,SAINT THOMAS WALK,8 SAINT THOMAS,238146,1.29614347977247,103.836292454037,549,,TE15 Great World MRT,340.0,5.0,Freehold,2018.0,Condominium
24720450,RV Edge,https://www.propertyguru.com.sg/listing/for-sale-rv-edge-24720450,2000000.0,2,2,2239.64,2 SHANGHAI ROAD RV EDGE SINGAPORE 248209,SHANGHAI ROAD,RV EDGE,248209,1.29488382877099,103.828087328414,893,,TE15 Great World MRT,610.0,8.0,Freehold,2015.0,Condominium
24843015,⭐️⭐️LANDED7772@ BRAND NEW CORNER TERR AT KOVAN,https://www.propertyguru.com.sg/listing/for-sale-landed7772-brand-new-corner-terr-at-kovan-24843015,5980000.0,5,5,2574.26,,,,,,,5429,2323.0,,,,999,,Corner Terrace
24270308,⭐️⭐️LANDED7772 @ BRAND NEW CORNER NEAR FRANKEL 9848-7772,https://www.propertyguru.com.sg/listing/for-sale-landed7772-brand-new-corner-near-frankel-9848-7772-24270308,8200000.0,5,7,3015.81,,,,,,,6156,2719.0,TE27 Marine Terrace MRT,240.0,3.0,Freehold,2022.0,Corner Terrace
24736956,Reflections at Keppel Bay,https://www.propertyguru.com.sg/listing/for-sale-reflections-at-keppel-bay-24736956,3450000.0,3,2,2210.12,19 KEPPEL BAY VIEW REFLECTIONS AT KEPPEL BAY SINGAPORE 098412,KEPPEL BAY VIEW,REFLECTIONS AT KEPPEL BAY,098412,1.2660323031034,103.810194806912,1561,,CC28 Telok Blangah MRT,490.0,7.0,99,2013.0,Condominium
24839766,⭐️⭐️LANDED7772 @ BRAND NEW SEMI-D NEAR SIGLAP MRT,https://www.propertyguru.com.sg/listing/for-sale-landed7772-brand-new-semi-d-near-siglap-mrt-24839766,8800000.0,5,8,3132.79,,,,,,,7120,2809.0,TE28 Siglap MRT,390.0,5.0,Freehold,,Semi-Detached House
24844703,Urban Vista,https://www.propertyguru.com.sg/listing/for-sale-urban-vista-24844703,988888.0,2,1,1639.95,,,,,,,603,,CG Tanah Merah MRT,340.0,5.0,99,2016.0,Condominium
24715126,719 Bedok Reservoir Road,https://www.propertyguru.com.sg/listing/hdb-for-sale-719-bedok-reservoir-road-24715126,899999.0,4,2,584.79,719 BEDOK RESERVOIR ROAD BEDOK RESERVOIR GARDEN SINGAPORE 470719,BEDOK RESERVOIR ROAD,BEDOK RESERVOIR GARDEN,470719,1.33641984694912,103.92483267275,1539,,DT29 Bedok North MRT,780.0,10.0,99,1983.0,HDB Flat
24776565,Affinity At Serangoon,https://www.propertyguru.com.sg/listing/for-sale-affinity-at-serangoon-24776565,2300000.0,3,3,1996.53,32 SERANGOON NORTH AVENUE 1 AFFINITY AT SERANGOON SINGAPORE 554304,SERANGOON NORTH AVENUE 1,AFFINITY AT SERANGOON,554304,1.36597024605313,103.874441963922,1152,,CR9 Serangoon North MRT,590.0,8.0,99,,Condominium
24844701,183A Marsiling Greenview,https://www.propertyguru.com.sg/listing/hdb-for-sale-183a-marsiling-greenview-24844701,720000.0,3,2,592.11,183A WOODLANDS STREET 13 MARSILING GREENVIEW SINGAPORE 731183,WOODLANDS STREET 13,MARSILING GREENVIEW,731183,1.43541550566116,103.777407059508,1216,,NS8 Marsiling MRT,510.0,7.0,99,2018.0,HDB Flat
24774012,Sol Acres,https://www.propertyguru.com.sg/listing/for-sale-sol-acres-24774012,1299999.0,3,2,1403.89,22 CHOA CHU KANG GROVE SOL ACRES SINGAPORE 688213,CHOA CHU KANG GROVE,SOL ACRES,688213,1.37650214784907,103.749708901737,926,,,,,99,2019.0,Executive Condominium
24844700,The Glades,https://www.propertyguru.com.sg/listing/for-sale-the-glades-24844700,849000.0,1,1,1878.32,20 BEDOK RISE THE GLADES SINGAPORE 465411,BEDOK RISE,THE GLADES,465411,1.32767658775031,103.949805173068,452,,EW4 Tanah Merah MRT,250.0,3.0,99,2017.0,Condominium
24844699,THE CONTINUUM,https://www.propertyguru.com.sg/listing/for-sale-the-continuum-24844699,1463000.0,1,1,2612.5,THIAM SIEW AVENUE,THIAM SIEW AVENUE,,,1.31083525610762,103.895580101907,560,,CC8 Dakota MRT,720.0,10.0,Freehold,,Condominium
24844696,578 Ang Mo Kio Avenue 10,https://www.propertyguru.com.sg/listing/hdb-for-sale-578-ang-mo-kio-avenue-10-24844696,470000.0,2,2,532.88,578 ANG MO KIO AVENUE 10 CHENG SAN COURT SINGAPORE 560578,ANG MO KIO AVENUE 10,CHENG SAN COURT,560578,1.37179067644703,103.854961173992,882,,NS16 Ang Mo Kio MRT,620.0,8.0,99,1979.0,HDB Flat
24844698,The Botany at Dairy Farm,https://www.propertyguru.com.sg/listing/for-sale-the-botany-at-dairy-farm-24844698,1898000.0,3,2,2049.68,3 DAIRY FARM WALK THE BOTANY AT DAIRY FARM SINGAPORE 679625,DAIRY FARM WALK,THE BOTANY AT DAIRY FARM,679625,1.36640128944575,103.772610828237,926,,DT3 Hillview MRT,630.0,8.0,99,,Condominium
24701959,161 Yishun Street 11,https://www.propertyguru.com.sg/listing/hdb-for-sale-161-yishun-street-11-24701959,620000.0,3,2,476.92,161 YISHUN STREET 11 CHONG PANG VISTA SINGAPORE 760161,YISHUN STREET 11,CHONG PANG VISTA,760161,1.4327862752601,103.833132900961,1300,,NS13 Yishun MRT,420.0,6.0,99,1984.0,HDB Flat
24841396,488 Jurong West Avenue 1,https://www.propertyguru.com.sg/listing/hdb-for-sale-488-jurong-west-avenue-1-24841396,450000.0,3,2,459.65,488 JURONG WEST AVENUE 1 JURONGVILLE @ AVENUE 1 SINGAPORE 640488,JURONG WEST AVENUE 1,JURONGVILLE @ AVENUE 1,640488,1.34908194843027,103.72619549188,979,,EW26 Lakeside MRT,780.0,10.0,99,1984.0,HDB Flat
24617987,The Florence Residences,https://www.propertyguru.com.sg/listing/for-sale-the-florence-residences-24617987,1250000.0,2,1,1968.5,91 HOUGANG AVENUE 2 THE FLORENCE RESIDENCES SINGAPORE 538864,HOUGANG AVENUE 2,THE FLORENCE RESIDENCES,538864,1.36681827467187,103.886580622644,635,,NE14 Hougang MRT,770.0,10.0,99,,Condominium
24813468,Midtown Residences,https://www.propertyguru.com.sg/listing/for-sale-midtown-residences-24813468,2128000.0,3,3,1649.61,1189 UPPER SERANGOON ROAD MIDTOWN RESIDENCES SINGAPORE 534785,UPPER SERANGOON ROAD,MIDTOWN RESIDENCES,534785,1.37073588285709,103.895120805047,1290,,NE14 Hougang MRT,280.0,4.0,99,2016.0,Condominium
24772995,RARE 3-storey Corner Terrace facing greenery located in Loyang Villas,https://www.propertyguru.com.sg/listing/for-sale-rare-3-storey-corner-terrace-facing-greenery-located-in-loyang-villas-24772995,3200000.0,7,6,1126.76,,,,,,,3800,2840.0,,,,,,Corner Terrace
24663905,Richard's Park,https://www.propertyguru.com.sg/listing/for-sale-richard-s-park-24663905,4999999.0,4,3,1436.37,,,,,,,2600,3481.0,NE13 Kovan MRT,550.0,7.0,Freehold,,Terraced House
24640651,669A Edgefield Plains,https://www.propertyguru.com.sg/listing/hdb-for-sale-669a-edgefield-plains-24640651,788000.0,4,2,653.4,669A EDGEFIELD PLAINS WATERWAY RIDGES SINGAPORE 821669,EDGEFIELD PLAINS,WATERWAY RIDGES,821669,1.40490974914062,103.913969471596,1206,,PE6 Oasis LRT,320.0,4.0,99,2015.0,HDB Flat
24844684,10 Evelyn,https://www.propertyguru.com.sg/listing/for-sale-10-evelyn-24844684,2290000.0,2,2,1969.05,10 EVELYN ROAD 10 EVELYN SINGAPORE 309312,EVELYN ROAD,10 EVELYN,309312,1.31615491830399,103.840533848314,1163,,NS21 Newton MRT,360.0,5.0,Freehold,2022.0,Condominium
24844675,156 Pasir Ris Street 13,https://www.propertyguru.com.sg/listing/hdb-for-sale-156-pasir-ris-street-13-24844675,880000.0,4,2,536.59,,,,,,,1640,,CR4 Pasir Ris East MRT,460.0,6.0,99,1993.0,HDB Flat
24630875,547B Segar Road,https://www.propertyguru.com.sg/listing/hdb-for-sale-547b-segar-road-24630875,690000.0,3,2,572.14,547B SEGAR ROAD SEGAR VALE SINGAPORE 672547,SEGAR ROAD,SEGAR VALE,672547,1.38843774527561,103.769252590551,1206,,BP11 Segar LRT,70.0,1.0,99,2014.0,HDB Flat
24662495,New 999 Years project ⭐The Shorefront ⭐,https://www.propertyguru.com.sg/listing/for-sale-new-999-years-project-the-shorefront-24662495,2753000.0,4,3,1751.27,,,,,,,1572,,,,,999,,Apartment
24662494,New 999 Years project ⭐The Shorefront ⭐,https://www.propertyguru.com.sg/listing/for-sale-new-999-years-project-the-shorefront-24662494,1700000.0,3,2,1835.85,,,,,,,926,,,,,999,,Apartment
24794367,Brand New Bungalow at Shepherd's Hill Estate 5 Mins Tanglin Road,https://www.propertyguru.com.sg/listing/for-sale-brand-new-bungalow-at-shepherd-s-hill-estate-5-mins-tanglin-road-24794367,18750000.0,6,9,3309.21,,,,,,,10000,5666.0,EW19 Queenstown MRT,420.0,6.0,Freehold,2024.0,Bungalow House
24662492,New 999 Years project ⭐The Shorefront ⭐,https://www.propertyguru.com.sg/listing/for-sale-new-999-years-project-the-shorefront-24662492,1440000.0,2,2,1858.06,,,,,,,775,,,,,999,,Apartment
24844679,497H Tampines Street 45,https://www.propertyguru.com.sg/listing/hdb-for-sale-497h-tampines-street-45-24844679,598000.0,3,2,545.12,,,,,,,1097,,DT33 Tampines East MRT,650.0,9.0,99,1994.0,HDB Flat
24844682,Riverfront Residences,https://www.propertyguru.com.sg/listing/for-sale-riverfront-residences-24844682,1000000.0,2,1,1658.37,57 HOUGANG AVENUE 7 RIVERFRONT RESIDENCES SINGAPORE 533821,HOUGANG AVENUE 7,RIVERFRONT RESIDENCES,533821,1.37068699274846,103.900158771923,603,,NE14 Hougang MRT,820.0,11.0,99,,Condominium
24708458,Florence Road near Kovan MRT bungalows,https://www.propertyguru.com.sg/listing/for-sale-florence-road-near-kovan-mrt-bungalows-24708458,7900000.0,5,5,1462.96,FLORENCE ROAD,FLORENCE ROAD,,,1.36563048659244,103.885922308335,7000,5400.0,NE13 Kovan MRT,170.0,2.0,999,,Detached House
24824288,JadeScape,https://www.propertyguru.com.sg/listing/for-sale-jadescape-24824288,1150000.0,1,1,2182.16,4 SHUNFU ROAD JADESCAPE SINGAPORE 575743,SHUNFU ROAD,JADESCAPE,575743,1.35203137552405,103.839456451548,527,,CC16 Marymount MRT,370.0,5.0,99,,Condominium
24453579,Terra Hill,https://www.propertyguru.com.sg/listing/for-sale-terra-hill-24453579,2103000.0,3,2,2605.95,18 YEW SIANG ROAD TERRA HILL SINGAPORE 117755,YEW SIANG ROAD,TERRA HILL,117755,1.2779499342871,103.79332825563,807,,CC26 Pasir Panjang MRT,340.0,5.0,Freehold,,Condominium
24552247,Altura EC,https://www.propertyguru.com.sg/listing/for-sale-altura-ec-24552247,1389000.0,3,3,1417.35,111 BUKIT BATOK WEST AVENUE 8 ALTURA SINGAPORE 659857,BUKIT BATOK WEST AVENUE 8,ALTURA,659857,1.35926685989421,103.74209459892,980,,JE2 Tengah Park MRT,960.0,13.0,99,,Executive Condominium
24588473,The LakeGarden Residences,https://www.propertyguru.com.sg/listing/for-sale-the-lakegarden-residences-24588473,1940000.0,3,2,2095.03,80 YUAN CHING ROAD SINGAPORE 619613,YUAN CHING ROAD,,619613,1.33578824239071,103.725593746553,926,,EW26 Lakeside MRT,980.0,13.0,99,,Condominium
24814761,106 Pasir Ris Street 12,https://www.propertyguru.com.sg/listing/hdb-for-sale-106-pasir-ris-street-12-24814761,530000.0,3,2,478.34,106 PASIR RIS STREET 12 SINGAPORE 510106,PASIR RIS STREET 12,,510106,1.36801255048337,103.95765313312,1108,,CR4 Pasir Ris East MRT,340.0,5.0,99,1988.0,HDB Flat
24253501,Kingsford Waterbay,https://www.propertyguru.com.sg/listing/for-sale-kingsford-waterbay-24253501,1380000.0,3,3,1378.62,64 UPPER SERANGOON VIEW KINGSFORD WATERBAY SINGAPORE 533886,UPPER SERANGOON VIEW,KINGSFORD WATERBAY,533886,1.37343131648096,103.902307933941,1001,,SE4 Kangkar LRT,930.0,12.0,99,2018.0,Condominium
24712459,Riverfront Residences,https://www.propertyguru.com.sg/listing/for-sale-riverfront-residences-24712459,3300000.0,4,3,1563.98,41 HOUGANG AVENUE 7 RIVERFRONT RESIDENCES SINGAPORE 533813,HOUGANG AVENUE 7,RIVERFRONT RESIDENCES,533813,1.37017075252236,103.899998611766,2110,,NE14 Hougang MRT,820.0,11.0,99,,Condominium
24248648,The Legend,https://www.propertyguru.com.sg/listing/for-sale-the-legend-24248648,4000000.0,2,2,2752.92,361 BUKIT TIMAH ROAD THE LEGEND SINGAPORE 259725,BUKIT TIMAH ROAD,THE LEGEND,259725,1.31828107898793,103.829382520419,1453,,DT10 Stevens MRT,430.0,6.0,Freehold,1996.0,Condominium
24844680,Thomson Grand,https://www.propertyguru.com.sg/listing/for-sale-thomson-grand-24844680,2750000.0,3,3,2011.7,19 SIN MING WALK THOMSON GRAND SINGAPORE 573914,SIN MING WALK,THOMSON GRAND,573914,1.36507755268098,103.829845672221,1367,,CR13 Bright Hill MRT,360.0,5.0,99,2015.0,Condominium
24353863,★ Brand New ★ Bespoke Luxury Landed Homes ★,https://www.propertyguru.com.sg/listing/for-sale-brand-new-bespoke-luxury-landed-homes-24353863,8380000.0,6,8,2303.46,,,,,,,7132,3638.0,NE13 Kovan MRT,30.0,0.0,Freehold,,Semi-Detached House
24800061,★  3 Storey Corner-Terrace ★ Create your dream home to fit your lifestyle perfectly! ★,https://www.propertyguru.com.sg/listing/for-sale-3-storey-corner-terrace-create-your-dream-home-to-fit-your-lifestyle-perfectly-24800061,6088000.0,6,4,1529.26,PHILLIPS AVENUE,PHILLIPS AVENUE,,,1.36360689700727,103.877063207916,4200,3981.0,NE13 Kovan MRT,800.0,11.0,999,,Corner Terrace
24651403,448C Bukit Batok West Avenue 9,https://www.propertyguru.com.sg/listing/hdb-for-sale-448c-bukit-batok-west-avenue-9-24651403,620000.0,3,2,619.38,448C BUKIT BATOK WEST AVENUE 9 WEST VALLEY @ BUKIT BATOK SINGAPORE 653448,BUKIT BATOK WEST AVENUE 9,WEST VALLEY @ BUKIT BATOK,653448,1.35272258284343,103.741240002444,1001,,JE2 Tengah Park MRT,460.0,6.0,99,2017.0,HDB Flat
24820612,602 Clementi West Street 1,https://www.propertyguru.com.sg/listing/hdb-for-sale-602-clementi-west-street-1-24820612,360000.0,2,2,499.31,,,,,,,721,,,,,99,1979.0,HDB Flat
24487494,★ Brand New ★ Bespoke Luxury Landed Homes ★,https://www.propertyguru.com.sg/listing/for-sale-brand-new-bespoke-luxury-landed-homes-24487494,12800000.0,7,9,2988.56,,,,,,,8800,4283.0,EW6 Kembangan MRT,790.0,11.0,Freehold,,Detached House
24738847,12B Marsiling Lane,https://www.propertyguru.com.sg/listing/hdb-for-sale-12b-marsiling-lane-24738847,588888.0,3,2,588.89,12B MARSILING LANE STRAITS VISTA @ MARSILING SINGAPORE 732012,MARSILING LANE,STRAITS VISTA @ MARSILING,732012,1.44108596725738,103.778120234676,1000,,,,,99,2012.0,HDB Flat
24844706,47 Marine Crescent,https://www.propertyguru.com.sg/listing/hdb-for-sale-47-marine-crescent-24844706,498000.0,2,1,608.8,47 MARINE CRESCENT MARINE CRESCENT GARDENS SINGAPORE 440047,MARINE CRESCENT,MARINE CRESCENT GARDENS,440047,1.30572354541959,103.91253050447,818,,TE27 Marine Terrace MRT,410.0,5.0,99,1974.0,HDB Flat
24813849,802B Keat Hong Close,https://www.propertyguru.com.sg/listing/hdb-for-sale-802b-keat-hong-close-24813849,550000.0,3,2,555.56,802B KEAT HONG CLOSE KEAT HONG CREST SINGAPORE 682802,KEAT HONG CLOSE,KEAT HONG CREST,682802,1.37474137483876,103.742851486532,990,,JS2 Choa Chu Kang West,650.0,9.0,99,2016.0,HDB Flat
24663233,"Serangoon Garden Estate : Modern, Lovingly Maintained with Pool & Lift",https://www.propertyguru.com.sg/listing/for-sale-serangoon-garden-estate-modern-lovingly-maintained-with-pool-lift-24663233,6700000.0,6,5,2392.86,,,,,,,4600,2800.0,CR10 Tavistock MRT,590.0,8.0,999,,Corner Terrace
24844707,Icon,https://www.propertyguru.com.sg/listing/for-sale-icon-24844707,1200000.0,,,2142.86,10 GOPENG STREET ICON SINGAPORE 078878,GOPENG STREET,ICON,078878,1.27516997577919,103.844496312645,560,,EW15 Tanjong Pagar MRT,260.0,3.0,99,2007.0,Apartment
24394925,★ Serangoon Garden ★ Freehold Elevated Detached ★,https://www.propertyguru.com.sg/listing/for-sale-serangoon-garden-freehold-elevated-detached-24394925,7900000.0,6,6,1830.82,,,,,,,4500,4315.0,CR10 Tavistock MRT,590.0,8.0,Freehold,,Detached House
24197827,★ Rare Plot for Redevelopment ★ Golden Opportunity ★ Kovan MRT ★,https://www.propertyguru.com.sg/listing/for-sale-rare-plot-for-redevelopment-golden-opportunity-kovan-mrt-24197827,8300000.0,4,3,1406.78,,,,,,,4000,5900.0,NE13 Kovan MRT,30.0,0.0,Freehold,,Detached House
24704832,Treasure at Tampines,https://www.propertyguru.com.sg/listing/for-sale-treasure-at-tampines-24704832,1080000.0,2,1,1858.86,1 TAMPINES LANE TREASURE AT TAMPINES SINGAPORE 528482,TAMPINES LANE,TREASURE AT TAMPINES,528482,1.34503342838494,103.946749425598,581,,EW3 Simei MRT,760.0,10.0,99,,Condominium
24759840,★ Rare Plot for Redevelopment ★ Golden Opportunity ★ Kovan ★,https://www.propertyguru.com.sg/listing/for-sale-rare-plot-for-redevelopment-golden-opportunity-kovan-24759840,3750000.0,4,2,1736.11,,,,,,,2160,2160.0,NE13 Kovan MRT,90.0,1.0,999,,Terraced House
24786789,Signature At Yishun,https://www.propertyguru.com.sg/listing/for-sale-signature-at-yishun-24786789,1800000.0,4,3,1382.49,35 YISHUN STREET 51 SIGNATURE AT YISHUN SINGAPORE 767992,YISHUN STREET 51,SIGNATURE AT YISHUN,767992,1.41675922935206,103.845277437241,1302,,,,,99,2017.0,Executive Condominium
24626783,Tropika East,https://www.propertyguru.com.sg/listing/for-sale-tropika-east-24626783,800000.0,1,1,1727.86,3 FOO KIM LIN ROAD TROPIKA EAST SINGAPORE 419679,FOO KIM LIN ROAD,TROPIKA EAST,419679,1.32886589161997,103.90719397756,463,,,,,Freehold,2016.0,Condominium
23870767,Millage,https://www.propertyguru.com.sg/listing/for-sale-millage-23870767,900000.0,2,1,1778.66,,,,,,,506,,EW7 Eunos MRT,540.0,7.0,Freehold,2016.0,Condominium
24722331,676A Punggol Drive,https://www.propertyguru.com.sg/listing/hdb-for-sale-676a-punggol-drive-24722331,640000.0,3,2,639.36,676A PUNGGOL DRIVE WATERWAY BROOKS SINGAPORE 821676,PUNGGOL DRIVE,WATERWAY BROOKS,821676,1.40482709089795,103.909870662158,1001,,PE7 Damai LRT,150.0,2.0,99,2015.0,HDB Flat
24576350,8 Boon Keng Road,https://www.propertyguru.com.sg/listing/hdb-for-sale-8-boon-keng-road-24576350,1298000.0,3,2,1048.47,,,,,,,1238,,NE9 Boon Keng MRT,370.0,5.0,99,2011.0,HDB Flat
23979655,Whistler Grand,https://www.propertyguru.com.sg/listing/for-sale-whistler-grand-23979655,1550000.0,3,2,2028.8,107 WEST COAST VALE WHISTLER GRAND SINGAPORE 126751,WEST COAST VALE,WHISTLER GRAND,126751,1.32003128655758,103.754010254158,764,,,,,99,2022.0,Condominium
24786480,Grand Dunman,https://www.propertyguru.com.sg/listing/for-sale-grand-dunman-24786480,2250000.0,3,2,2348.64,2 DUNMAN ROAD GRAND DUNMAN SINGAPORE 439188,DUNMAN ROAD,GRAND DUNMAN,439188,1.30793011957246,103.890384748086,958,,CC8 Dakota MRT,240.0,3.0,99,,Condominium
24786494,Grand Dunman,https://www.propertyguru.com.sg/listing/for-sale-grand-dunman-24786494,3027000.0,4,3,2342.88,2 DUNMAN ROAD GRAND DUNMAN SINGAPORE 439188,DUNMAN ROAD,GRAND DUNMAN,439188,1.30793011957246,103.890384748086,1292,,CC8 Dakota MRT,240.0,3.0,99,,Condominium
23642520,Bartley Vue,https://www.propertyguru.com.sg/listing/for-sale-bartley-vue-23642520,1999999.0,3,2,1876.17,6 JALAN BUNGA RAMPAI BARTLEY VUE SINGAPORE 538310,JALAN BUNGA RAMPAI,BARTLEY VUE,538310,1.34036185896759,103.883846444139,1066,,CC12 Bartley MRT,550.0,7.0,99,,Condominium
24775667,The Edge on Cairnhill,https://www.propertyguru.com.sg/listing/for-sale-the-edge-on-cairnhill-24775667,5100000.0,4,4,2393.24,130 CAIRNHILL ROAD THE EDGE ON CAIRNHILL SINGAPORE 229717,CAIRNHILL ROAD,THE EDGE ON CAIRNHILL,229717,1.30883087550059,103.837130247196,2131,,NS21 Newton MRT,570.0,8.0,Freehold,2003.0,Condominium
24548657,The LakeGarden Residences,https://www.propertyguru.com.sg/listing/for-sale-the-lakegarden-residences-24548657,1317000.0,2,1,2224.66,80 YUAN CHING ROAD SINGAPORE 619613,YUAN CHING ROAD,,619613,1.33578824239071,103.725593746553,592,,EW26 Lakeside MRT,980.0,13.0,99,,Condominium
24815954,The LakeGarden Residences,https://www.propertyguru.com.sg/listing/for-sale-the-lakegarden-residences-24815954,1942800.0,3,2,2098.06,80 YUAN CHING ROAD SINGAPORE 619613,YUAN CHING ROAD,,619613,1.33578824239071,103.725593746553,926,,EW26 Lakeside MRT,980.0,13.0,99,,Condominium
24815970,The LakeGarden Residences,https://www.propertyguru.com.sg/listing/for-sale-the-lakegarden-residences-24815970,2166500.0,4,3,1973.13,80 YUAN CHING ROAD SINGAPORE 619613,YUAN CHING ROAD,,619613,1.33578824239071,103.725593746553,1098,,EW26 Lakeside MRT,980.0,13.0,99,,Condominium
24637735,Mattar Residences,https://www.propertyguru.com.sg/listing/for-sale-mattar-residences-24637735,2754000.0,4,2,2244.5,7 MATTAR ROAD MATTAR RESIDENCES SINGAPORE 387716,MATTAR ROAD,MATTAR RESIDENCES,387716,1.32562173517452,103.881807225017,1227,,DT25 Mattar MRT,220.0,3.0,Freehold,,Apartment
24735840,461D Bukit Batok West Avenue 8,https://www.propertyguru.com.sg/listing/hdb-for-sale-461d-bukit-batok-west-avenue-8-24735840,720000.0,3,2,586.8,461D BUKIT BATOK WEST AVENUE 8 WEST ROCK @ BUKIT BATOK SINGAPORE 654461,BUKIT BATOK WEST AVENUE 8,WEST ROCK @ BUKIT BATOK,654461,1.35445321126227,103.740357147518,1227,,JE2 Tengah Park MRT,440.0,6.0,99,2019.0,HDB Flat
24844563,Bellewoods,https://www.propertyguru.com.sg/listing/for-sale-bellewoods-24844563,1220000.0,3,2,1303.42,112 WOODLANDS AVENUE 5 BELLEWOODS SINGAPORE 739016,WOODLANDS AVENUE 5,BELLEWOODS,739016,1.43232509117903,103.801196501842,936,,NS10 Admiralty MRT,880.0,12.0,99,2017.0,Executive Condominium
24729004,441A Fernvale Road,https://www.propertyguru.com.sg/listing/hdb-for-sale-441a-fernvale-road-24729004,632000.0,3,3,624.51,441A FERNVALE ROAD FERNVALE VISTA SINGAPORE 791441,FERNVALE ROAD,FERNVALE VISTA,791441,1.39109783626622,103.875166223525,1012,,SW5 Fernvale LRT,110.0,1.0,99,2009.0,HDB Flat
24763605,Arena Residences,https://www.propertyguru.com.sg/listing/for-sale-arena-residences-24763605,1838000.0,3,2,2246.94,20 GUILLEMARD CRESCENT ARENA RESIDENCES SINGAPORE 399915,GUILLEMARD CRESCENT,ARENA RESIDENCES,399915,1.30967685823486,103.880642764235,818,,CC7 Mountbatten MRT,500.0,7.0,Freehold,2022.0,Condominium
24844597,658 Jalan Tenaga,https://www.propertyguru.com.sg/listing/hdb-for-sale-658-jalan-tenaga-24844597,858888.0,3,2,628.3,658 JALAN TENAGA EUNOS DAMAI VILLE SINGAPORE 410658,JALAN TENAGA,EUNOS DAMAI VILLE,410658,1.33355240428878,103.906516943919,1367,,DT28 Kaki Bukit MRT,300.0,4.0,99,1995.0,HDB Flat
24844579,Park Infinia at Wee Nam,https://www.propertyguru.com.sg/listing/for-sale-park-infinia-at-wee-nam-24844579,2750000.0,2,2,2747.25,2 LINCOLN ROAD PARK INFINIA AT WEE NAM SINGAPORE 308342,LINCOLN ROAD,PARK INFINIA AT WEE NAM,308342,1.31392676595811,103.843104093225,1001,,NS21 Newton MRT,560.0,7.0,Freehold,2008.0,Condominium
24407149,Sandy Eight,https://www.propertyguru.com.sg/listing/for-sale-sandy-eight-24407149,1360000.0,2,1,2005.9,,,,,,,678,,CC8 Dakota MRT,630.0,8.0,Freehold,,Apartment
24251185,Mutiara View,https://www.propertyguru.com.sg/listing/for-sale-mutiara-view-24251185,2580000.0,3,3,2216.49,11 JALAN MUTIARA MUTIARA VIEW SINGAPORE 249191,JALAN MUTIARA,MUTIARA VIEW,249191,1.29537581262615,103.828484302476,1164,,TE15 Great World MRT,580.0,8.0,Freehold,2000.0,Apartment
